chat_id,chat_name,chat_type,is_public,organization_id,organization_name,discovered_via_user_id,users_count,message_count,average_message_length,unique_message_senders,analysis_timestamp,analysis_error
1ef822c2-8e22-6d9c-83ea-ca605751c2ac,технический канал (не использ),Channel,True,1ef822c2-7fd7-66cd-aa65-d7b09a6fc205,Корпорация АСК (Головная организация),1ef8c1ae-a4c8-6326-aa53-a0423f4d30a4,1124,18,114.28,7,2025-11-18T16:41:49.562204,
1f04c27d-e560-6e18-8a76-20a2cb58f719,Атомстройкомплекс Общий канал,Channel,False,1ef822c2-7fd7-66cd-aa65-d7b09a6fc205,Корпорация АСК (Головная организация),1ef8c1ae-a4c8-6326-aa53-a0423f4d30a4,167,1,27,1,2025-11-18T16:41:51.517089,
1f0524f2-1fbb-6b98-85da-0ea8da6767bc,*АТОМЫ,Channel,True,1ef822c2-7fd7-66cd-aa65-d7b09a6fc205,Корпорация АСК (Головная организация),1ef8c1ae-a4c8-6326-aa53-a0423f4d30a4,1107,5,812.6,1,2025-11-18T16:41:57.834488,
1f072bb4-22d2-6f71-aee9-53f671e58a01,ТП - KUMA,Channel,False,1ef822c2-7fd7-66cd-aa65-d7b09a6fc205,Корпорация АСК (Головная организация),1ef8c1ae-a4c8-6326-aa53-a0423f4d30a4,17,1407,85.92,13,2025-11-18T16:42:05.902430,
1f08dadc-1d2d-68eb-aed2-1dd3c43539f0,АТОМ.ТехПоддержка,Channel,True,1ef822c2-7fd7-66cd-aa65-d7b09a6fc205,Корпорация АСК (Головная организация),1ef8c1ae-a4c8-6326-aa53-a0423f4d30a4,1098,2193,106.5,510,2025-11-18T16:42:23.547477,
1f097024-66db-6c9f-8baf-08cd1b1f66d3,Перепрошивка ККТ,Channel,False,1ef822c2-7fd7-66cd-aa65-d7b09a6fc205,Корпорация АСК (Головная организация),1ef8c1ae-a4c8-6326-aa53-a0423f4d30a4,6,12,164.25,3,2025-11-18T16:42:25.170836,
1f0b002c-2eda-6348-9d4a-cf6de86135b1,БЗМП Сетевые вопросы,Channel,False,1ef822c2-7fd7-66cd-aa65-d7b09a6fc205,Корпорация АСК (Головная организация),1ef8c1ae-a4c8-6326-aa53-a0423f4d30a4,8,60,82.53,5,2025-11-18T16:42:26.192159,
1f0bf922-69cc-6dfd-80d0-2537e5b043cb,Быстродействие ERP,Channel,False,1ef822c2-7fd7-66cd-aa65-d7b09a6fc205,Корпорация АСК (Головная организация),1ef8c1ae-a4c8-6326-aa53-a0423f4d30a4,9,41,92.44,4,2025-11-18T16:42:27.688825,
1efef533-2486-6508-b050-7310632dd35a,Группа разработки,Channel,False,1ef822c2-7fd7-66cd-aa65-d7b09a6fc205,Корпорация АСК (Головная организация),1efb8754-236b-63b4-a58e-04421acbfbde,24,1046,78.08,21,2025-11-18T16:42:33.243344,
1efffed8-0a43-6fac-97ed-26dd3124f767,КАСК. Портрет покупателя,Channel,False,1ef822c2-7fd7-66cd-aa65-d7b09a6fc205,Корпорация АСК (Головная организация),1efb8754-236b-63b4-a58e-04421acbfbde,5,33,48.64,4,2025-11-18T16:42:34.768787,
1f009572-d120-63dd-8c07-12128d3dc993,Общий IT-IP,Channel,False,1ef822c2-7fd7-66cd-aa65-d7b09a6fc205,Корпорация АСК (Головная организация),1efb8754-236b-63b4-a58e-04421acbfbde,71,628,98.29,41,2025-11-18T16:42:38.822544,
1f00dfb7-6829-6f88-9161-2fba096dda17,PolyPrint: Онлайн-заказ,Channel,False,1ef822c2-7fd7-66cd-aa65-d7b09a6fc205,Корпорация АСК (Головная организация),1efb8754-236b-63b4-a58e-04421acbfbde,9,52,156.87,8,2025-11-18T16:42:40.761175,
1f00eefa-cac5-6d84-ac75-2c14ba7104ff,АСК. ВНД на Крайон,Channel,False,1ef822c2-7fd7-66cd-aa65-d7b09a6fc205,Корпорация АСК (Головная организация),1efb8754-236b-63b4-a58e-04421acbfbde,5,5,35.8,3,2025-11-18T16:42:41.780350,
1f00f8d0-d6d7-6c7b-9953-66c8b309a595,АСК. Бронирование рабочих мест,Channel,False,1ef822c2-7fd7-66cd-aa65-d7b09a6fc205,Корпорация АСК (Головная организация),1efb8754-236b-63b4-a58e-04421acbfbde,9,72,71.06,6,2025-11-18T16:42:42.856603,
1f00f904-5a4f-6243-ac75-87f2aa73c398,Портал Проектов. ОТ и ПО,Channel,False,1ef822c2-7fd7-66cd-aa65-d7b09a6fc205,Корпорация АСК (Головная организация),1efb8754-236b-63b4-a58e-04421acbfbde,7,161,65.2,6,2025-11-18T16:42:44.452476,
1f00faa9-d129-6f14-a860-a73a44a503d3,АСК. Новый корп. портал,Channel,False,1ef822c2-7fd7-66cd-aa65-d7b09a6fc205,Корпорация АСК (Головная организация),1efb8754-236b-63b4-a58e-04421acbfbde,7,84,76.51,5,2025-11-18T16:42:45.320705,
1f015106-8f56-6f66-a41b-e70312bb9a7e,АСК. МП Мой Атом,Channel,False,1ef822c2-7fd7-66cd-aa65-d7b09a6fc205,Корпорация АСК (Головная организация),1efb8754-236b-63b4-a58e-04421acbfbde,14,421,76.19,14,2025-11-18T16:42:48.777918,
1f01537b-81cc-6490-9056-da73c882954a,IT-IP.Мы с Урала,Channel,False,1ef822c2-7fd7-66cd-aa65-d7b09a6fc205,Корпорация АСК (Головная организация),1efb8754-236b-63b4-a58e-04421acbfbde,5,66,64.42,4,2025-11-18T16:42:49.604768,
1f01542e-e676-672f-a41b-b43a2d78fd93,АТОМ - Цифровой сотрудник,Channel,False,1ef822c2-7fd7-66cd-aa65-d7b09a6fc205,Корпорация АСК (Головная организация),1efb8754-236b-63b4-a58e-04421acbfbde,4,38,76.32,2,2025-11-18T16:42:50.873636,
1f01b64e-a87d-635f-a21c-5ecf0b06faf1,IT-IP.Регистрация в реестре ПО,Channel,False,1ef822c2-7fd7-66cd-aa65-d7b09a6fc205,Корпорация АСК (Головная организация),1efb8754-236b-63b4-a58e-04421acbfbde,7,3,423.33,1,2025-11-18T16:42:52.089605,
1f032161-0107-6b18-b54a-a11aaff63815,Кворум для голосования,Channel,False,1ef822c2-7fd7-66cd-aa65-d7b09a6fc205,Корпорация АСК (Головная организация),1efb8754-236b-63b4-a58e-04421acbfbde,8,196,52.18,6,2025-11-18T16:42:53.874295,
1f0321ae-0bf1-6498-bbd7-23c1480da9da,ИКП. Настройка фин. дашбордов,Channel,False,1ef822c2-7fd7-66cd-aa65-d7b09a6fc205,Корпорация АСК (Головная организация),1efb8754-236b-63b4-a58e-04421acbfbde,4,3,56.33,2,2025-11-18T16:42:55.307181,
1f0322cb-2993-6aca-b54a-7aea935f233e,АТОМ.Линк - ТехПоддержка,Channel,True,1ef822c2-7fd7-66cd-aa65-d7b09a6fc205,Корпорация АСК (Головная организация),1efb8754-236b-63b4-a58e-04421acbfbde,46,116,52.11,11,2025-11-18T16:42:57.103048,
1f03621c-f1cd-665c-bbd7-3e8fcda831e0,Лендинг IT-IP Team,Channel,False,1ef822c2-7fd7-66cd-aa65-d7b09a6fc205,Корпорация АСК (Головная организация),1efb8754-236b-63b4-a58e-04421acbfbde,7,9,136,6,2025-11-18T16:42:58.209241,
1f03b7d7-61f1-6019-b54a-80891acf3708,Портал Проектов. Архив ПД,Channel,False,1ef822c2-7fd7-66cd-aa65-d7b09a6fc205,Корпорация АСК (Головная организация),1efb8754-236b-63b4-a58e-04421acbfbde,6,60,89.32,6,2025-11-18T16:42:59.597560,
1f03c545-e14e-6d4a-8a34-e601ead5bd06,IT-IP.Продуктовые решения,Channel,False,1ef822c2-7fd7-66cd-aa65-d7b09a6fc205,Корпорация АСК (Головная организация),1efb8754-236b-63b4-a58e-04421acbfbde,4,41,75.49,2,2025-11-18T16:43:00.948279,
1f03c572-b11a-6f15-800e-bdbe293a41ae,АТОМ - Учебный центр АСК,Channel,False,1ef822c2-7fd7-66cd-aa65-d7b09a6fc205,Корпорация АСК (Головная организация),1efb8754-236b-63b4-a58e-04421acbfbde,5,68,52.34,4,2025-11-18T16:43:02.175733,
1f03f94d-814c-6646-bbd7-36560885fe85,АТОМ Крайон -Служебные записки,Channel,False,1ef822c2-7fd7-66cd-aa65-d7b09a6fc205,Корпорация АСК (Головная организация),1efb8754-236b-63b4-a58e-04421acbfbde,9,916,75.92,10,2025-11-18T16:43:08.054242,
1f04ff1d-6e00-66e0-8409-f8a68bf3f9e6,АСК чат-бот Влад Атомный,Channel,False,1ef822c2-7fd7-66cd-aa65-d7b09a6fc205,Корпорация АСК (Головная организация),1efb8754-236b-63b4-a58e-04421acbfbde,9,68,81.18,8,2025-11-18T16:43:09.193376,
1f0501e5-ed85-62df-8409-4db728d4bcd8,АТОМ. Взаимосвязь графиков СМР,Channel,False,1ef822c2-7fd7-66cd-aa65-d7b09a6fc205,Корпорация АСК (Головная организация),1efb8754-236b-63b4-a58e-04421acbfbde,9,89,68.85,7,2025-11-18T16:43:10.576512,
1f0526d2-82be-649f-81eb-722786fb3e1f,Атом.Цифра - ПД на сайтах,Channel,False,1ef822c2-7fd7-66cd-aa65-d7b09a6fc205,Корпорация АСК (Головная организация),1efb8754-236b-63b4-a58e-04421acbfbde,11,193,85.59,8,2025-11-18T16:43:12.108320,
1f053207-9c64-63c4-85da-4d30e3a60adc,IT-IP. Демостенд ATOMIX,Channel,False,1ef822c2-7fd7-66cd-aa65-d7b09a6fc205,Корпорация АСК (Головная организация),1efb8754-236b-63b4-a58e-04421acbfbde,7,250,49.54,6,2025-11-18T16:43:14.579447,
1f058b0d-68f3-62da-a436-f36c4eda3663,"IT-IP, Цитрус",Channel,False,1ef822c2-7fd7-66cd-aa65-d7b09a6fc205,Корпорация АСК (Головная организация),1efb8754-236b-63b4-a58e-04421acbfbde,9,115,64.52,8,2025-11-18T16:43:16.413957,
1f05b4a6-920e-62f7-9940-b9ffc0c0e5f4,Игра Столов,Channel,False,1ef822c2-7fd7-66cd-aa65-d7b09a6fc205,Корпорация АСК (Головная организация),1efb8754-236b-63b4-a58e-04421acbfbde,13,20,42.65,7,2025-11-18T16:43:17.746555,
1f05cb40-e60a-672f-8cc0-522e613dbd5a,АН АТОМ - atomstroy.net (DEV),Channel,False,1ef822c2-7fd7-66cd-aa65-d7b09a6fc205,Корпорация АСК (Головная организация),1efb8754-236b-63b4-a58e-04421acbfbde,9,70,89.47,5,2025-11-18T16:43:19.403485,
1f05cc14-0f12-6b85-b5ba-f5c49c2c2274,*АН АТОМ - atomstroy.net,Channel,False,1ef822c2-7fd7-66cd-aa65-d7b09a6fc205,Корпорация АСК (Головная организация),1efb8754-236b-63b4-a58e-04421acbfbde,13,256,121.62,9,2025-11-18T16:43:21.803329,
1f060ab5-e30c-61ae-9345-3ec73c2c9d03,HR Трансф. Карьерный сайт,Channel,False,1ef822c2-7fd7-66cd-aa65-d7b09a6fc205,Корпорация АСК (Головная организация),1efb8754-236b-63b4-a58e-04421acbfbde,5,46,67.41,5,2025-11-18T16:43:23.164678,
1f06160c-83d7-673b-9375-d0ba81a0bc07,АН Атом. ЛК Покупателя,Channel,False,1ef822c2-7fd7-66cd-aa65-d7b09a6fc205,Корпорация АСК (Головная организация),1efb8754-236b-63b4-a58e-04421acbfbde,9,241,76.73,8,2025-11-18T16:43:25.112451,
1f067a28-7cfa-61a0-9345-c490875b6170,ТП - сайт технической поддержк,Channel,False,1ef822c2-7fd7-66cd-aa65-d7b09a6fc205,Корпорация АСК (Головная организация),1efb8754-236b-63b4-a58e-04421acbfbde,8,57,67.26,6,2025-11-18T16:43:26.469024,
1f0687aa-0cf5-675d-a498-ee6a84de81ee,ТП -  Служебная записка онлайн,Channel,False,1ef822c2-7fd7-66cd-aa65-d7b09a6fc205,Корпорация АСК (Головная организация),1efb8754-236b-63b4-a58e-04421acbfbde,9,79,100.84,6,2025-11-18T16:43:27.952058,
1f0694e8-7ccb-6d85-87a9-90953c785ba0,ТП - WA TG сайта ТП,Channel,False,1ef822c2-7fd7-66cd-aa65-d7b09a6fc205,Корпорация АСК (Головная организация),1efb8754-236b-63b4-a58e-04421acbfbde,8,14,65.07,4,2025-11-18T16:43:29.316338,
1f0741fa-3cbc-6003-9730-3dbb7bc18ece,*Портал-Проект. Переход на ГЦП,Channel,False,1ef822c2-7fd7-66cd-aa65-d7b09a6fc205,Корпорация АСК (Головная организация),1efb8754-236b-63b4-a58e-04421acbfbde,7,462,54.64,6,2025-11-18T16:43:33.218826,
1f078ecb-919c-64b4-9730-02079a100d82,HR - Опросы,Channel,False,1ef822c2-7fd7-66cd-aa65-d7b09a6fc205,Корпорация АСК (Головная организация),1efb8754-236b-63b4-a58e-04421acbfbde,10,41,124.46,6,2025-11-18T16:43:34.755760,
1f084bbc-6318-66c7-8e0c-eeaaeec28bed,ATOMIX.Поддержка и развитие,Channel,False,1ef822c2-7fd7-66cd-aa65-d7b09a6fc205,Корпорация АСК (Головная организация),1efb8754-236b-63b4-a58e-04421acbfbde,8,132,124.03,5,2025-11-18T16:43:36.324789,
1f084db5-16b1-6104-8e0c-351935f9b453,Портал проектов. ГЦП и проекты,Channel,False,1ef822c2-7fd7-66cd-aa65-d7b09a6fc205,Корпорация АСК (Головная организация),1efb8754-236b-63b4-a58e-04421acbfbde,8,45,114.44,5,2025-11-18T16:43:37.194479,
1f087220-b0b7-6448-bb81-0243cb421a94,*АН АТОМ - KARIZONI,Channel,False,1ef822c2-7fd7-66cd-aa65-d7b09a6fc205,Корпорация АСК (Головная организация),1efb8754-236b-63b4-a58e-04421acbfbde,10,9,401.56,3,2025-11-18T16:43:38.646601,
1f08d700-01cf-68f6-aed2-af63b9bfaef9,!Авария 08.09 Инфо для сотруд.,Channel,False,1ef822c2-7fd7-66cd-aa65-d7b09a6fc205,Корпорация АСК (Головная организация),1efb8754-236b-63b4-a58e-04421acbfbde,15,764,95.9,16,2025-11-18T16:43:43.474441,
1f08fc71-ac67-62af-aed2-eeba72474fb2,Атом.WiKi (Yandex),Channel,False,1ef822c2-7fd7-66cd-aa65-d7b09a6fc205,Корпорация АСК (Головная организация),1efb8754-236b-63b4-a58e-04421acbfbde,5,21,53.29,3,2025-11-18T16:43:44.842484,
1f09382d-db60-6459-9ba8-a9c794682edf,Яндекс.Почта - Внедрение,Channel,False,1ef822c2-7fd7-66cd-aa65-d7b09a6fc205,Корпорация АСК (Головная организация),1efb8754-236b-63b4-a58e-04421acbfbde,10,115,98.78,7,2025-11-18T16:43:47.072788,
1f093a72-48f7-67ec-bb64-55ec438630db,Хранение Микрохирургия,Channel,False,1ef822c2-7fd7-66cd-aa65-d7b09a6fc205,Корпорация АСК (Головная организация),1efb8754-236b-63b4-a58e-04421acbfbde,5,141,55.76,5,2025-11-18T16:43:49.625279,
1f099e71-c224-67ba-956c-6dfd9693e612,*ЛК покупателя АН Атом,Channel,False,1ef822c2-7fd7-66cd-aa65-d7b09a6fc205,Корпорация АСК (Головная организация),1efb8754-236b-63b4-a58e-04421acbfbde,11,130,260.85,9,2025-11-18T16:43:51.298597,
1f09dccc-0527-6113-956c-2a6c73c1d5ba,АСК.Проверка контраг-ов Фокус,Channel,False,1ef822c2-7fd7-66cd-aa65-d7b09a6fc205,Корпорация АСК (Головная организация),1efb8754-236b-63b4-a58e-04421acbfbde,9,59,65.76,6,2025-11-18T16:43:52.436872,
1f09de5c-0bf8-694e-8baf-b4ef7f59ad26,*АТОМ. Карьерный сайт,Channel,False,1ef822c2-7fd7-66cd-aa65-d7b09a6fc205,Корпорация АСК (Головная организация),1efb8754-236b-63b4-a58e-04421acbfbde,9,40,122.15,3,2025-11-18T16:43:54.134883,
1f0a4e2b-c595-6f09-a790-d2fb81f28975,IT-IP. Тестирование почты MTC,Channel,False,1ef822c2-7fd7-66cd-aa65-d7b09a6fc205,Корпорация АСК (Головная организация),1efb8754-236b-63b4-a58e-04421acbfbde,10,200,85.31,10,2025-11-18T16:43:56.181398,
1f0a98f0-900e-6606-9d4a-f5f69b2fe414,*АТОМ.Учебный центр,Channel,False,1ef822c2-7fd7-66cd-aa65-d7b09a6fc205,Корпорация АСК (Головная организация),1efb8754-236b-63b4-a58e-04421acbfbde,10,23,139.57,6,2025-11-18T16:43:57.393781,
1f0b0cee-4931-6ab3-9d4a-a45e7d67af3f,Рассылки корпоративные,Channel,False,1ef822c2-7fd7-66cd-aa65-d7b09a6fc205,Корпорация АСК (Головная организация),1efb8754-236b-63b4-a58e-04421acbfbde,6,8,44.75,3,2025-11-18T16:43:58.686327,
1f0570b4-fb35-623a-81eb-a59ab1b7cf73,Техническая Поддержка общий,Channel,False,1ef822c2-7fd7-66cd-aa65-d7b09a6fc205,Корпорация АСК (Головная организация),1ee9575d-1fb4-656a-8722-49eedcc35cd4,26,740,85.86,17,2025-11-18T16:44:04.432330,
1f08cc0c-0faa-6d06-aed2-f2835357ee92,"1,5 линия ТП",Channel,False,1ef822c2-7fd7-66cd-aa65-d7b09a6fc205,Корпорация АСК (Головная организация),1ee9575d-1fb4-656a-8722-49eedcc35cd4,17,1121,55.9,13,2025-11-18T16:44:12.432579,
1f015145-a13c-665a-a41b-339e68cbf293,Атом Аналитика. Перенос в корп,Channel,False,1ef822c2-7fd7-66cd-aa65-d7b09a6fc205,Корпорация АСК (Головная организация),1ee9575d-1fb4-656a-8722-49eedcc35cd4,8,266,75.44,8,2025-11-18T16:44:15.048950,
1f016892-c71d-63e3-a21c-8ca5f2f26607,АТОМ - Манго,Channel,False,1ef822c2-7fd7-66cd-aa65-d7b09a6fc205,Корпорация АСК (Головная организация),1ee9575d-1fb4-656a-8722-49eedcc35cd4,8,480,91.9,8,2025-11-18T16:44:17.978579,
1f01a883-468d-608f-a21c-a94cdcf4b485,"ИКП ""АТОМ"" Общий канал",Channel,False,1ef822c2-7fd7-66cd-aa65-d7b09a6fc205,Корпорация АСК (Головная организация),1ee9575d-1fb4-656a-8722-49eedcc35cd4,172,244,186.78,53,2025-11-18T16:44:20.540323,
1f0201b6-5231-61e5-9791-6da3527dd8f5,*ИКП. Модуль ЗП в Мой Атом,Channel,False,1ef822c2-7fd7-66cd-aa65-d7b09a6fc205,Корпорация АСК (Головная организация),1ee9575d-1fb4-656a-8722-49eedcc35cd4,4,78,57.05,4,2025-11-18T16:44:21.591634,
1f02ef63-df60-6c3a-8a34-395b1138157e,АСК. Обновление Крайон АСК ИТ,Channel,False,1ef822c2-7fd7-66cd-aa65-d7b09a6fc205,Корпорация АСК (Головная организация),1ee9575d-1fb4-656a-8722-49eedcc35cd4,7,319,68.06,7,2025-11-18T16:44:24.010146,
1f02f276-28c1-6df0-800e-45b39c127254,Внедрение АТОМ Линк в УК Атом,Channel,False,1ef822c2-7fd7-66cd-aa65-d7b09a6fc205,Корпорация АСК (Головная организация),1ee9575d-1fb4-656a-8722-49eedcc35cd4,5,70,76.26,5,2025-11-18T16:44:25.848431,
1f03702a-e19b-6653-bbd7-09841682fa3a,ИКП VitroCad - перенос проекто,Channel,False,1ef822c2-7fd7-66cd-aa65-d7b09a6fc205,Корпорация АСК (Головная организация),1ee9575d-1fb4-656a-8722-49eedcc35cd4,9,308,88.31,8,2025-11-18T16:44:28.542976,
1f04a94d-488a-64a4-96c7-3b1aa8317333,Тестовый,Channel,False,1ef822c2-7fd7-66cd-aa65-d7b09a6fc205,Корпорация АСК (Головная организация),1ee9575d-1fb4-656a-8722-49eedcc35cd4,5,122,119.93,4,2025-11-18T16:44:30.278320,
1f060828-5783-644f-9375-c2c1033e394c,АСК. Продление SSL сертификата,Channel,False,1ef822c2-7fd7-66cd-aa65-d7b09a6fc205,Корпорация АСК (Головная организация),1ee9575d-1fb4-656a-8722-49eedcc35cd4,7,68,82.28,6,2025-11-18T16:44:31.121275,
1f068749-b759-6b29-9345-ede2f8b9dacb,ТП - Обучение сотрудников,Channel,False,1ef822c2-7fd7-66cd-aa65-d7b09a6fc205,Корпорация АСК (Головная организация),1ee9575d-1fb4-656a-8722-49eedcc35cd4,8,1,1558,1,2025-11-18T16:44:32.340099,
1f0687bf-521a-685c-87a9-98c45ce57846,ТП - Парсер и фиксация цен,Channel,False,1ef822c2-7fd7-66cd-aa65-d7b09a6fc205,Корпорация АСК (Головная организация),1ee9575d-1fb4-656a-8722-49eedcc35cd4,4,1,327,1,2025-11-18T16:44:33.832361,
1f06d190-2a9a-6a40-8877-4ea0ab8c0241,ТП - Реверс-прокси,Channel,False,1ef822c2-7fd7-66cd-aa65-d7b09a6fc205,Корпорация АСК (Головная организация),1ee9575d-1fb4-656a-8722-49eedcc35cd4,11,12,162.75,5,2025-11-18T16:44:35.092632,
1f0743a6-4677-657d-9730-bd85673fc427,*Корп.Портал. Блок Совещаний,Channel,False,1ef822c2-7fd7-66cd-aa65-d7b09a6fc205,Корпорация АСК (Головная организация),1ee9575d-1fb4-656a-8722-49eedcc35cd4,8,286,43.12,6,2025-11-18T16:44:37.902075,
1f07f262-5744-6aa3-85de-2bcc8b625152,ТП - Nextcloud МТС,Channel,False,1ef822c2-7fd7-66cd-aa65-d7b09a6fc205,Корпорация АСК (Головная организация),1ee9575d-1fb4-656a-8722-49eedcc35cd4,6,1,73,1,2025-11-18T16:44:38.874908,
1f081831-842b-6372-8599-3f9c80d1c425,*Розыгрыш 25/11/2025,Channel,False,1ef822c2-7fd7-66cd-aa65-d7b09a6fc205,Корпорация АСК (Головная организация),1ee9575d-1fb4-656a-8722-49eedcc35cd4,7,17,57.53,2,2025-11-18T16:44:40.162901,
1f08727f-4e1d-6421-8e0c-758142b53e03,Тестовый канал с гостями,Channel,False,1ef822c2-7fd7-66cd-aa65-d7b09a6fc205,Корпорация АСК (Головная организация),1ee9575d-1fb4-656a-8722-49eedcc35cd4,3,3,13.33,3,2025-11-18T16:44:41.443258,
1f09f61e-2a2a-64d7-956c-4bb76f232c35,*Акция 10 000 шагов,Channel,False,1ef822c2-7fd7-66cd-aa65-d7b09a6fc205,Корпорация АСК (Головная организация),1ee9575d-1fb4-656a-8722-49eedcc35cd4,5,27,103.3,5,2025-11-18T16:44:42.274481,
1f0a5b2b-f0b2-6ea9-a790-7fe7bd27ecc4,$счета ИТЦ(территория) + Макар,Channel,False,1ef822c2-7fd7-66cd-aa65-d7b09a6fc205,Корпорация АСК (Головная организация),1ee9575d-1fb4-656a-8722-49eedcc35cd4,5,31,96.9,4,2025-11-18T16:44:43.272975,
1f0ab2b1-1a2d-6687-a790-523f29649089,*ИКП.Крайон.Табели.Вопросы,Channel,False,1ef822c2-7fd7-66cd-aa65-d7b09a6fc205,Корпорация АСК (Головная организация),1ee9575d-1fb4-656a-8722-49eedcc35cd4,176,0,0,0,2025-11-18T16:44:44.913119,
1f0b4ac5-cdd5-6a90-901d-49a42bb8594c,Перенос опроса с google форм,Channel,False,1ef822c2-7fd7-66cd-aa65-d7b09a6fc205,Корпорация АСК (Головная организация),1ee9575d-1fb4-656a-8722-49eedcc35cd4,4,56,64.34,4,2025-11-18T16:44:46.500238,
1f0bbcb5-6377-69fa-a6ff-4a289ba4a2bd,* ИКП. Табели и назначения,Channel,False,1ef822c2-7fd7-66cd-aa65-d7b09a6fc205,Корпорация АСК (Головная организация),1ee9575d-1fb4-656a-8722-49eedcc35cd4,6,60,117.95,5,2025-11-18T16:44:48.356183,
1efc3676-a103-6bb6-80c8-9306e3032bba,Внедрение АТОМ Линк,Channel,False,1ef822c2-7fd7-66cd-aa65-d7b09a6fc205,Корпорация АСК (Головная организация),1ee9575d-1fb4-656a-8722-49eedcc35cd4,26,950,75.08,20,2025-11-18T16:44:53.194425,
1eff27c5-ef81-6496-9ad7-94a6a3079802,Модуль Производство,Channel,False,1ef822c2-7fd7-66cd-aa65-d7b09a6fc205,Корпорация АСК (Головная организация),1ee9575d-1fb4-656a-8722-49eedcc35cd4,9,34,40.94,7,2025-11-18T16:44:54.406948,
1eff4dc9-1934-6e52-9ad7-4c2f9b215869,ИКП. Табели и назнач. в Крайон,Channel,False,1ef822c2-7fd7-66cd-aa65-d7b09a6fc205,Корпорация АСК (Головная организация),1ee9575d-1fb4-656a-8722-49eedcc35cd4,9,183,100.14,9,2025-11-18T16:44:56.688458,
1eff4dcf-2712-635d-91e5-fded20fc012b,ИКП VitroCad - Внедрение СОД,Channel,False,1ef822c2-7fd7-66cd-aa65-d7b09a6fc205,Корпорация АСК (Головная организация),1ee9575d-1fb4-656a-8722-49eedcc35cd4,9,557,74.9,11,2025-11-18T16:45:00.224001,
1f02032c-5aaf-6e27-9459-12bd967e400a,IT-IP.Чат боты МТС,Channel,False,1ef822c2-7fd7-66cd-aa65-d7b09a6fc205,Корпорация АСК (Головная организация),1efc4285-fe29-6874-a027-d85ed36b7d02,9,97,78.35,8,2025-11-18T16:45:01.218397,
1f020eb5-4ff0-61e0-b54a-e76f58d1d762,IT-IP. КЭДО + гос.ключ,Channel,False,1ef822c2-7fd7-66cd-aa65-d7b09a6fc205,Корпорация АСК (Головная организация),1efc4285-fe29-6874-a027-d85ed36b7d02,5,15,37.47,4,2025-11-18T16:45:02.194315,
1f0346f7-d0ef-6dda-b54a-a94f56eb9f53,СЭД. Интеграция с Диадок,Channel,False,1ef822c2-7fd7-66cd-aa65-d7b09a6fc205,Корпорация АСК (Головная организация),1efc4285-fe29-6874-a027-d85ed36b7d02,5,57,52.09,4,2025-11-18T16:45:03.728756,
1f04ce05-2472-68b5-8c18-ef52d1fc697a,IT-IP ПРОРЫВ,Channel,False,1ef822c2-7fd7-66cd-aa65-d7b09a6fc205,Корпорация АСК (Головная организация),1efc4285-fe29-6874-a027-d85ed36b7d02,4,21,42.48,3,2025-11-18T16:45:05.213087,
1f0684fc-bfdd-641c-9375-21417dce6c8b,АТОМ. СЗ. MS Word в pdf,Channel,False,1ef822c2-7fd7-66cd-aa65-d7b09a6fc205,Корпорация АСК (Головная организация),1efc4285-fe29-6874-a027-d85ed36b7d02,7,14,134.29,6,2025-11-18T16:45:06.386746,
1f083043-d848-691c-8e0c-4db4680d2b61,Связь Vitro-CAD и Крайон,Channel,False,1ef822c2-7fd7-66cd-aa65-d7b09a6fc205,Корпорация АСК (Головная организация),1efc4285-fe29-6874-a027-d85ed36b7d02,9,32,151.84,6,2025-11-18T16:45:07.647221,
1f095393-6385-64f5-956c-f153f8fe5043,АТОМ. Подключение с 2FA,Channel,False,1ef822c2-7fd7-66cd-aa65-d7b09a6fc205,Корпорация АСК (Головная организация),1efc4285-fe29-6874-a027-d85ed36b7d02,9,113,110.88,6,2025-11-18T16:45:09.269443,
1f0984e4-d09c-6de2-9a0c-5d2204dcfe16,Мтс Линк Api Тест,Channel,False,1ef822c2-7fd7-66cd-aa65-d7b09a6fc205,Корпорация АСК (Головная организация),1efc4285-fe29-6874-a027-d85ed36b7d02,5,343,1245.57,7,2025-11-18T16:45:11.883648,
1f099064-36c1-6682-956c-2cc42a65d7b2,Тест итилиум,Channel,False,1ef822c2-7fd7-66cd-aa65-d7b09a6fc205,Корпорация АСК (Головная организация),1efc4285-fe29-6874-a027-d85ed36b7d02,4,18,48.56,4,2025-11-18T16:45:12.673009,
1f099cff-5db8-6efc-8baf-58811e7f31a2,IT-IP. Synch Крайон,Channel,False,1ef822c2-7fd7-66cd-aa65-d7b09a6fc205,Корпорация АСК (Головная организация),1efc4285-fe29-6874-a027-d85ed36b7d02,8,116,456.37,7,2025-11-18T16:45:14.043365,
1f09dc56-61e4-648d-956c-a770cfa82a8a,ИКП. Vitro + PM + Крайон,Channel,False,1ef822c2-7fd7-66cd-aa65-d7b09a6fc205,Корпорация АСК (Головная организация),1efc4285-fe29-6874-a027-d85ed36b7d02,7,20,136.65,5,2025-11-18T16:45:15.659302,
1f0a28ba-844e-612c-a8d5-f641bdd0d88f,Мтс боты Тест,Channel,False,1ef822c2-7fd7-66cd-aa65-d7b09a6fc205,Корпорация АСК (Головная организация),1efc4285-fe29-6874-a027-d85ed36b7d02,7,112,298.02,5,2025-11-18T16:45:17.658049,
1f0a2b05-d48c-6734-a480-1b75b291c1f9,IT-IP.MWS - GPT тестирование,Channel,False,1ef822c2-7fd7-66cd-aa65-d7b09a6fc205,Корпорация АСК (Головная организация),1efc4285-fe29-6874-a027-d85ed36b7d02,6,4,37.5,3,2025-11-18T16:45:18.899925,
1f00dfbe-6525-6b29-9953-a1a8a995c104,IT-IP. Наш портал (поддержка),Channel,False,1ef822c2-7fd7-66cd-aa65-d7b09a6fc205,Корпорация АСК (Головная организация),1ee9578a-f3f5-6e32-8e3b-d966f91c1a0a,10,225,66.24,9,2025-11-18T16:45:21.159795,
1f0614ab-3388-656d-9345-46919872e3d2,День СисАдмина - 2025,Channel,False,1ef822c2-7fd7-66cd-aa65-d7b09a6fc205,Корпорация АСК (Головная организация),1ee9578a-f3f5-6e32-8e3b-d966f91c1a0a,6,72,54.28,6,2025-11-18T16:45:22.714945,
1f067908-56b4-606e-a498-f76a03bf2b88,ТП - Сбой в работе сети,Channel,False,1ef822c2-7fd7-66cd-aa65-d7b09a6fc205,Корпорация АСК (Головная организация),1ee9578a-f3f5-6e32-8e3b-d966f91c1a0a,6,1,2965,1,2025-11-18T16:45:23.497005,
1f067927-07a5-6472-a498-a60c137c20f7,ТП -  Порядок в КУ,Channel,False,1ef822c2-7fd7-66cd-aa65-d7b09a6fc205,Корпорация АСК (Головная организация),1ee9578a-f3f5-6e32-8e3b-d966f91c1a0a,8,3,799,1,2025-11-18T16:45:24.770513,
1f067a33-4162-6827-9345-2829f66a0950,ТП - Затопление Поли-Принт,Channel,False,1ef822c2-7fd7-66cd-aa65-d7b09a6fc205,Корпорация АСК (Головная организация),1ee9578a-f3f5-6e32-8e3b-d966f91c1a0a,4,1,2552,1,2025-11-18T16:45:26.747849,
1f067a4c-9f70-65ba-87a9-765c86d53625,ТП - Приборка сети БЗСК,Channel,False,1ef822c2-7fd7-66cd-aa65-d7b09a6fc205,Корпорация АСК (Головная организация),1ee9578a-f3f5-6e32-8e3b-d966f91c1a0a,8,1,1176,1,2025-11-18T16:45:27.964935,
1f067a63-4c56-6bf6-87a9-92f4b3be60e3,ТП - АБК Бабушкина 5а,Channel,False,1ef822c2-7fd7-66cd-aa65-d7b09a6fc205,Корпорация АСК (Головная организация),1ee9578a-f3f5-6e32-8e3b-d966f91c1a0a,7,9,130.67,3,2025-11-18T16:45:29.035844,
1f067a83-086e-6520-a498-e6a509026efd,ТП - Блокировка уч.записей,Channel,False,1ef822c2-7fd7-66cd-aa65-d7b09a6fc205,Корпорация АСК (Головная организация),1ee9578a-f3f5-6e32-8e3b-d966f91c1a0a,9,3,1626.67,1,2025-11-18T16:45:30.240946,
1f067aa6-88a4-6226-9375-839eac999ef8,"ТП - Учет расходов, подписки",Channel,False,1ef822c2-7fd7-66cd-aa65-d7b09a6fc205,Корпорация АСК (Головная организация),1ee9578a-f3f5-6e32-8e3b-d966f91c1a0a,4,1,3322,1,2025-11-18T16:45:31.753741,
1f067ab5-d1a4-62d8-87a9-4302caec52bd,ТП - Видеонаблюдение Бел.39,Channel,False,1ef822c2-7fd7-66cd-aa65-d7b09a6fc205,Корпорация АСК (Головная организация),1ee9578a-f3f5-6e32-8e3b-d966f91c1a0a,5,94,65.51,4,2025-11-18T16:45:33.251810,
1f067b13-1271-68a8-9375-74b1bf5b573f,ТП - Учет тел.номеров в Итилиу,Channel,False,1ef822c2-7fd7-66cd-aa65-d7b09a6fc205,Корпорация АСК (Головная организация),1ee9578a-f3f5-6e32-8e3b-d966f91c1a0a,5,1,1468,1,2025-11-18T16:45:34.027676,
1f0684be-4043-6c11-9345-318c94c88aa8,ТП - Серверная на Красноармейс,Channel,False,1ef822c2-7fd7-66cd-aa65-d7b09a6fc205,Корпорация АСК (Головная организация),1ee9578a-f3f5-6e32-8e3b-d966f91c1a0a,7,2,1838.5,1,2025-11-18T16:45:35.039909,
1f0684e0-3475-60c0-9375-e12f2922a2f5,TП - Voice VLAN,Channel,False,1ef822c2-7fd7-66cd-aa65-d7b09a6fc205,Корпорация АСК (Головная организация),1ee9578a-f3f5-6e32-8e3b-d966f91c1a0a,9,8,285.12,2,2025-11-18T16:45:36.106653,
1f0686d7-f970-68b1-a498-6b7b205e84fa,ТП - Вывод из домена МЦ Здрава,Channel,False,1ef822c2-7fd7-66cd-aa65-d7b09a6fc205,Корпорация АСК (Головная организация),1ee9578a-f3f5-6e32-8e3b-d966f91c1a0a,8,42,145.88,6,2025-11-18T16:45:37.170539,
1f068726-bd67-6e2a-a498-a61bcc6fd04f,ТП - Вывод из домена Инвестстр,Channel,False,1ef822c2-7fd7-66cd-aa65-d7b09a6fc205,Корпорация АСК (Головная организация),1ee9578a-f3f5-6e32-8e3b-d966f91c1a0a,6,5,131.2,1,2025-11-18T16:45:38.216719,
1f068739-4da7-6b9e-9345-db52db246c50,ТП - Система мотивации,Channel,False,1ef822c2-7fd7-66cd-aa65-d7b09a6fc205,Корпорация АСК (Головная организация),1ee9578a-f3f5-6e32-8e3b-d966f91c1a0a,3,1,861,1,2025-11-18T16:45:39.760450,
1f068758-46ba-6e70-9375-761e2854663f,ТП - Модернизация рабочих мест,Channel,False,1ef822c2-7fd7-66cd-aa65-d7b09a6fc205,Корпорация АСК (Головная организация),1ee9578a-f3f5-6e32-8e3b-d966f91c1a0a,5,23,141.22,5,2025-11-18T16:45:40.769388,
1f0687c9-28d6-6156-9345-5c9e57509cc5,ТП - Опрос по качеству обслужи,Channel,False,1ef822c2-7fd7-66cd-aa65-d7b09a6fc205,Корпорация АСК (Головная организация),1ee9578a-f3f5-6e32-8e3b-d966f91c1a0a,3,1,214,1,2025-11-18T16:45:41.768929,
1f072bcd-2d40-60b7-aee9-315c96a15cf6,ТП - Usergate,Channel,False,1ef822c2-7fd7-66cd-aa65-d7b09a6fc205,Корпорация АСК (Головная организация),1ee9578a-f3f5-6e32-8e3b-d966f91c1a0a,9,53,78.49,6,2025-11-18T16:45:42.885657,
1f079936-6831-6495-8599-70b020cd60a7,ТП - Видеонаблюдение Берит,Channel,False,1ef822c2-7fd7-66cd-aa65-d7b09a6fc205,Корпорация АСК (Головная организация),1ee9578a-f3f5-6e32-8e3b-d966f91c1a0a,9,90,67.72,6,2025-11-18T16:45:44.271404,
1f0832f6-c9c7-68de-8599-bcd8c424b3bf,ТП - сеть Габиевка,Channel,False,1ef822c2-7fd7-66cd-aa65-d7b09a6fc205,Корпорация АСК (Головная организация),1ee9578a-f3f5-6e32-8e3b-d966f91c1a0a,3,10,287.9,1,2025-11-18T16:45:45.077384,
1f0849a6-343d-6348-bb81-feaba4717cdd,ТП - События ИБ,Channel,False,1ef822c2-7fd7-66cd-aa65-d7b09a6fc205,Корпорация АСК (Головная организация),1ee9578a-f3f5-6e32-8e3b-d966f91c1a0a,8,42,238.95,5,2025-11-18T16:45:46.554226,
1f089593-df87-6649-8e0c-0db603461f9a,ИБ - Авторизации на ask-it,Channel,False,1ef822c2-7fd7-66cd-aa65-d7b09a6fc205,Корпорация АСК (Головная организация),1ee9578a-f3f5-6e32-8e3b-d966f91c1a0a,9,16,111.44,5,2025-11-18T16:45:47.663226,
1f0896d9-da69-66ca-85de-7cb5815a28ab,ТП - Wifi,Channel,False,1ef822c2-7fd7-66cd-aa65-d7b09a6fc205,Корпорация АСК (Головная организация),1ee9578a-f3f5-6e32-8e3b-d966f91c1a0a,4,15,65.2,3,2025-11-18T16:45:49.086344,
1f04c284-8725-6686-96c7-a963c32506dd,Центр подрядов АСК Общий канал,Channel,False,1ef822c2-7fd7-66cd-aa65-d7b09a6fc205,Корпорация АСК (Головная организация),1ef8c7ce-dd02-6950-9f5d-a0423f4d30a4,23,0,0,0,2025-11-18T16:45:50.095040,
1f04c27e-2fc4-6ec3-96c7-b9a6a065885e,Атом.Цифра Общий канал,Channel,False,1ef822c2-7fd7-66cd-aa65-d7b09a6fc205,Корпорация АСК (Головная организация),1ef8c7ce-dd02-6950-9f5d-a0423f4d30a4,28,9,12.89,3,2025-11-18T16:45:50.922428,
1f04c280-376b-638b-96c7-f8c7b7ae6e61,Исетская СК Общий канал,Channel,False,1ef822c2-7fd7-66cd-aa65-d7b09a6fc205,Корпорация АСК (Головная организация),1ef8c7ce-dd02-6950-9f5d-a0423f4d30a4,14,0,0,0,2025-11-18T16:45:51.706257,
1f04c27e-ae1c-6398-96c7-a0a1c126410b,Барьер Общий канал,Channel,False,1ef822c2-7fd7-66cd-aa65-d7b09a6fc205,Корпорация АСК (Головная организация),1ef8c7ce-dd02-6950-9f5d-a0423f4d30a4,2,0,0,0,2025-11-18T16:45:52.711426,
1f04c27e-f099-6662-9319-335a036f5b27,ДОМИНВЕСТ Общий канал,Channel,False,1ef822c2-7fd7-66cd-aa65-d7b09a6fc205,Корпорация АСК (Головная организация),1ef8c7ce-dd02-6950-9f5d-a0423f4d30a4,7,0,0,0,2025-11-18T16:45:53.971516,
1f04c27f-8f96-6808-96c7-158caf54f22b,Екатеринбурггорстрой Общий,Channel,False,1ef822c2-7fd7-66cd-aa65-d7b09a6fc205,Корпорация АСК (Головная организация),1ef8c7ce-dd02-6950-9f5d-a0423f4d30a4,13,0,0,0,2025-11-18T16:45:55.305244,
1f04c283-aeb1-6078-96c7-22d5790dbeb8,Спецмонтаж Общий канал,Channel,False,1ef822c2-7fd7-66cd-aa65-d7b09a6fc205,Корпорация АСК (Головная организация),1ef8c7ce-dd02-6950-9f5d-a0423f4d30a4,5,0,0,0,2025-11-18T16:45:56.535424,
1f04c27f-c29f-611a-8a76-ef697628821a,Изоплит Общий канал,Channel,False,1ef822c2-7fd7-66cd-aa65-d7b09a6fc205,Корпорация АСК (Головная организация),1ef8c7ce-dd02-6950-9f5d-a0423f4d30a4,8,0,0,0,2025-11-18T16:45:57.709301,
1f04c280-7301-6dc1-9319-a45ab3d3a75a,Корпорация АСК Общий канал,Channel,False,1ef822c2-7fd7-66cd-aa65-d7b09a6fc205,Корпорация АСК (Головная организация),1ef8c7ce-dd02-6950-9f5d-a0423f4d30a4,97,0,0,0,2025-11-18T16:45:58.961509,
1f04c280-b477-625e-8e91-492f7f6df56e,Офис-центр Общий канал,Channel,False,1ef822c2-7fd7-66cd-aa65-d7b09a6fc205,Корпорация АСК (Головная организация),1ef8c7ce-dd02-6950-9f5d-a0423f4d30a4,4,0,0,0,2025-11-18T16:46:00.019320,
1f04c282-3757-63cf-9319-543ed64f1a3e,Региональное ДРСУ Общий канал,Channel,False,1ef822c2-7fd7-66cd-aa65-d7b09a6fc205,Корпорация АСК (Головная организация),1ef8c7ce-dd02-6950-9f5d-a0423f4d30a4,18,0,0,0,2025-11-18T16:46:01.013118,
1f04c283-ee27-6272-8e91-79e8184a7506,Строй-Комплект Общий канал,Channel,False,1ef822c2-7fd7-66cd-aa65-d7b09a6fc205,Корпорация АСК (Головная организация),1ef8c7ce-dd02-6950-9f5d-a0423f4d30a4,4,0,0,0,2025-11-18T16:46:02.032652,
1f04c284-c3a6-6b62-8e91-06be3cee6fa8,ЧОП Общий канал,Channel,False,1ef822c2-7fd7-66cd-aa65-d7b09a6fc205,Корпорация АСК (Головная организация),1ef8c7ce-dd02-6950-9f5d-a0423f4d30a4,4,0,0,0,2025-11-18T16:46:03.261990,
1f04c284-34cd-668e-8a76-c88f01081817,Трест Гормонолитстрой Общий,Channel,False,1ef822c2-7fd7-66cd-aa65-d7b09a6fc205,Корпорация АСК (Головная организация),1ef8c7ce-dd02-6950-9f5d-a0423f4d30a4,6,0,0,0,2025-11-18T16:46:04.298979,
1f0555d5-9add-691c-b74a-14fbf48cf705,СУ 51 Общий канал,Channel,False,1ef822c2-7fd7-66cd-aa65-d7b09a6fc205,Корпорация АСК (Головная организация),1ef8c7ce-dd02-6950-9f5d-a0423f4d30a4,7,0,0,0,2025-11-18T16:46:05.770938,
1f06205f-c4d7-6416-a498-837402236c7c,ПСО Теплит Общий канал,Channel,False,1ef822c2-7fd7-66cd-aa65-d7b09a6fc205,Корпорация АСК (Головная организация),1ef8c7ce-dd02-6950-9f5d-a0423f4d30a4,24,14,70.21,4,2025-11-18T16:46:07.048047,
1f061410-fa2e-6080-9345-6011b14391c7,Известь Сысерти Общий канал,Channel,False,1ef822c2-7fd7-66cd-aa65-d7b09a6fc205,Корпорация АСК (Головная организация),1ef8c7ce-dd02-6950-9f5d-a0423f4d30a4,17,0,0,0,2025-11-18T16:46:08.286071,
1f061439-1280-6300-a498-0a4140f36145,Завод Берит Общий канал,Channel,False,1ef822c2-7fd7-66cd-aa65-d7b09a6fc205,Корпорация АСК (Головная организация),1ef8c7ce-dd02-6950-9f5d-a0423f4d30a4,20,0,0,0,2025-11-18T16:46:09.554039,
1f06c2ea-b0ce-6879-87a9-ad8a63186703,АСК Цемент Общий канал,Channel,False,1ef822c2-7fd7-66cd-aa65-d7b09a6fc205,Корпорация АСК (Головная организация),1ef8c7ce-dd02-6950-9f5d-a0423f4d30a4,12,11,94,2,2025-11-18T16:46:11.030097,
1f062bbc-6e05-6c30-87a9-c6dc51feae13,БЗМП Общий канал,Channel,False,1ef822c2-7fd7-66cd-aa65-d7b09a6fc205,Корпорация АСК (Головная организация),1ef8c7ce-dd02-6950-9f5d-a0423f4d30a4,32,0,0,0,2025-11-18T16:46:11.950625,
1f05d74b-7901-6b66-a498-906afd257d1e,АСК-Промышленность Общий канал,Channel,False,1ef822c2-7fd7-66cd-aa65-d7b09a6fc205,Корпорация АСК (Головная организация),1ef8c7ce-dd02-6950-9f5d-a0423f4d30a4,57,0,0,0,2025-11-18T16:46:13.482826,
1f05d74c-4452-6756-9375-7e982afe46a7,АтомПрофи + Общий канал,Channel,False,1ef822c2-7fd7-66cd-aa65-d7b09a6fc205,Корпорация АСК (Головная организация),1ef8c7ce-dd02-6950-9f5d-a0423f4d30a4,24,0,0,0,2025-11-18T16:46:14.501270,
1f05d74d-40ce-6215-87a9-77129fd8b15f,СУ Атом-Профи-26 Общий канал,Channel,False,1ef822c2-7fd7-66cd-aa65-d7b09a6fc205,Корпорация АСК (Головная организация),1ef8c7ce-dd02-6950-9f5d-a0423f4d30a4,9,0,0,0,2025-11-18T16:46:15.750133,
1f09c4fb-474d-65c2-9a0c-e092c738f3bf,Бетон-Экспресс Общий канал,Channel,False,1ef822c2-7fd7-66cd-aa65-d7b09a6fc205,Корпорация АСК (Головная организация),1ef8c7ce-dd02-6950-9f5d-a0423f4d30a4,11,0,0,0,2025-11-18T16:46:17.269293,
1f09c515-8282-6ba6-8baf-f8f9cc5e01c6,ТехАтом Общий Канал,Channel,False,1ef822c2-7fd7-66cd-aa65-d7b09a6fc205,Корпорация АСК (Головная организация),1ef8c7ce-dd02-6950-9f5d-a0423f4d30a4,7,0,0,0,2025-11-18T16:46:18.744943,
1f09c50f-b12a-6b55-9a0c-dc6fc4e0db06,КУЗСМ Общий Канал,Channel,False,1ef822c2-7fd7-66cd-aa65-d7b09a6fc205,Корпорация АСК (Головная организация),1ef8c7ce-dd02-6950-9f5d-a0423f4d30a4,5,0,0,0,2025-11-18T16:46:20.256127,
1f07833e-581f-61f0-9730-ef13beeee373,АТОМ-Технология Общий канал,Channel,False,1ef822c2-7fd7-66cd-aa65-d7b09a6fc205,Корпорация АСК (Головная организация),1ef8c7ce-dd02-6950-9f5d-a0423f4d30a4,15,4,108.25,2,2025-11-18T16:46:21.040053,
1f08f080-57fc-6acf-bd3f-9a39fe3d81f5,Проблемы с Итилиумом,Channel,False,1ef822c2-7fd7-66cd-aa65-d7b09a6fc205,Корпорация АСК (Головная организация),1ef8c7ce-dd02-6950-9f5d-a0423f4d30a4,4,213,49.42,4,2025-11-18T16:46:23.150409,
1f04cc4f-c829-628c-8c18-66660169a5fc,Электромонтаж Общий канал,Channel,False,1ef822c2-7fd7-66cd-aa65-d7b09a6fc205,Корпорация АСК (Головная организация),1ef8c7ce-dd02-6950-9f5d-a0423f4d30a4,19,2,17,1,2025-11-18T16:46:24.580726,
1f04c27f-584b-6498-96c7-321e69dd91f8,ЕГС-Гарант Общий канал,Channel,False,1ef822c2-7fd7-66cd-aa65-d7b09a6fc205,Корпорация АСК (Головная организация),1ef8c7ce-dd02-6950-9f5d-a0423f4d30a4,14,0,0,0,2025-11-18T16:46:26.006799,
1f04c27a-cf41-6d43-8a76-79223b26d456,АДС-ЭЛЕКТРОМОНТАЖ Общий канал,Channel,False,1ef822c2-7fd7-66cd-aa65-d7b09a6fc205,Корпорация АСК (Головная организация),1ef8c7ce-dd02-6950-9f5d-a0423f4d30a4,1,1,3,1,2025-11-18T16:46:26.774636,
1f04c27b-f1d6-6b27-96c7-759b70214d4c,АКН Атомстройкомплекс Общий,Channel,False,1ef822c2-7fd7-66cd-aa65-d7b09a6fc205,Корпорация АСК (Головная организация),1ef8c7ce-dd02-6950-9f5d-a0423f4d30a4,9,0,0,0,2025-11-18T16:46:28.029749,
1efd7ecd-7b4c-61c9-80c8-cc6cbe05aa4f,Инженеры,Channel,False,1ef822c2-7fd7-66cd-aa65-d7b09a6fc205,Корпорация АСК (Головная организация),1ef8c628-b089-66e6-ae7f-a0423f4d30a4,5,593,42.97,5,2025-11-18T16:46:32.341767,
1f0a8d04-7b9b-6969-a480-090170d24afe,IT-IP. Отчеты по звонкам,Channel,False,1ef822c2-7fd7-66cd-aa65-d7b09a6fc205,Корпорация АСК (Головная организация),1ef8c628-b089-66e6-ae7f-a0423f4d30a4,4,63,57.52,4,2025-11-18T16:46:33.321015,
1f00fba7-7ea4-6cf1-9953-2d899907d964,База продуктовых решений,Channel,False,1ef822c2-7fd7-66cd-aa65-d7b09a6fc205,Корпорация АСК (Головная организация),1efa59f1-66d1-6e6e-bd0f-a0423f4d30a4,7,26,127.15,5,2025-11-18T16:46:34.783236,
1f010545-6e2d-6530-a860-05a7278b63e7,IT-IP. CRM,Channel,False,1ef822c2-7fd7-66cd-aa65-d7b09a6fc205,Корпорация АСК (Головная организация),1efa59f1-66d1-6e6e-bd0f-a0423f4d30a4,8,7,100.71,2,2025-11-18T16:46:36.026767,
1f01502a-24a0-6208-a90d-1eb5b9678004,УК Офис-центр. Учет обращений,Channel,False,1ef822c2-7fd7-66cd-aa65-d7b09a6fc205,Корпорация АСК (Головная организация),1efa59f1-66d1-6e6e-bd0f-a0423f4d30a4,10,264,65.75,11,2025-11-18T16:46:38.226092,
1f0532f3-3b84-652b-85da-f452642d1f41,ТП. Бот фиксация цен поставщик,Channel,False,1ef822c2-7fd7-66cd-aa65-d7b09a6fc205,Корпорация АСК (Головная организация),1efa59f1-66d1-6e6e-bd0f-a0423f4d30a4,5,2,270.5,1,2025-11-18T16:46:39.266768,
1f0711b5-b3f3-6e74-87bd-e102ae427b7d,ТП - Дежурные,Channel,False,1ef822c2-7fd7-66cd-aa65-d7b09a6fc205,Корпорация АСК (Головная организация),1efc4052-8c58-62ca-b2e9-04421acbe57b,4,118,39.73,4,2025-11-18T16:46:40.879690,
1f0ab0dc-b94a-6e6a-9d4a-258eca7da127,кредиторы,Channel,False,1ef822c2-7fd7-66cd-aa65-d7b09a6fc205,Корпорация АСК (Головная организация),1f05e231-a791-64e4-adc3-04421acbe58e,8,0,0,0,2025-11-18T16:46:42.174759,
1f0937c2-656c-6bb0-82b8-e5d08a15b900,BIM КР,Channel,True,1ef822c2-7fd7-66cd-aa65-d7b09a6fc205,Корпорация АСК (Головная организация),1f08eed2-7216-6002-9c15-04421acbe57b,27,15,143.33,3,2025-11-18T16:46:43.503099,
1f0565b0-99b9-6147-b74a-fd6f17425a7d,ТИМ отдел,Channel,False,1ef822c2-7fd7-66cd-aa65-d7b09a6fc205,Корпорация АСК (Головная организация),1f0921f4-1abc-60e0-939e-9eb1aa747b17,16,264,59.74,17,2025-11-18T16:46:45.666486,
1f0aa76e-d0f0-6858-a790-4ee85a5260b2,ТИМ разработка,Channel,False,1ef822c2-7fd7-66cd-aa65-d7b09a6fc205,Корпорация АСК (Головная организация),1f0921f4-1abc-60e0-939e-9eb1aa747b17,6,53,110.38,5,2025-11-18T16:46:47.147293,
1f0af0b5-aa3e-6d3b-9d4a-0647a10bf5c9,АТОМ-079_Академ_Блок3.3,Channel,True,1ef822c2-7fd7-66cd-aa65-d7b09a6fc205,Корпорация АСК (Головная организация),1ef8c466-3da2-69de-bea2-a0423f4d30a4,15,4,143.75,4,2025-11-18T16:46:48.384958,
1f0c11ae-a9fc-679a-a3d4-1e12f18d23a5,103702 Народные кварталы 2 оч.,Channel,False,1ef822c2-7fd7-66cd-aa65-d7b09a6fc205,Корпорация АСК (Головная организация),1ef8c466-3da2-69de-bea2-a0423f4d30a4,18,8,79.25,2,2025-11-18T16:46:49.771324,
1f06c296-e1fa-6527-9345-a205fba930c0,ПТО ЕГС,Channel,False,1ef822c2-7fd7-66cd-aa65-d7b09a6fc205,Корпорация АСК (Головная организация),1f04cbbf-a29e-601a-8efe-d85ed36b7d02,3,2,10,2,2025-11-18T16:46:51.255628,
1f099fa6-04ab-6ea8-9a0c-39384ae823aa,Внесение изменений в ГЦП,Channel,False,1ef822c2-7fd7-66cd-aa65-d7b09a6fc205,Корпорация АСК (Головная организация),1ef8c173-85a1-6cbc-a009-a0423f4d30a4,19,27,73.63,3,2025-11-18T16:46:52.276236,
1f0c11f6-e954-68a4-a9cc-e3f14563a9b0,107521 Парина,Channel,False,1ef822c2-7fd7-66cd-aa65-d7b09a6fc205,Корпорация АСК (Головная организация),1ef8c173-85a1-6cbc-a009-a0423f4d30a4,4,1,189,1,2025-11-18T16:46:53.441115,
1f0c11e7-624a-688f-a3d4-d075b1700eeb,452 Opera,Channel,False,1ef822c2-7fd7-66cd-aa65-d7b09a6fc205,Корпорация АСК (Головная организация),1ef8c173-85a1-6cbc-a009-a0423f4d30a4,3,1,145,1,2025-11-18T16:46:54.946337,
1f0c11eb-e332-6ade-a3d4-ca6e5af3e66e,1060 Бухта Квинс,Channel,False,1ef822c2-7fd7-66cd-aa65-d7b09a6fc205,Корпорация АСК (Головная организация),1ef8c173-85a1-6cbc-a009-a0423f4d30a4,11,0,0,0,2025-11-18T16:46:55.956975,
1f0c1211-ec9d-6098-92ac-76822dd1af20,988002 Пихтовый,Channel,False,1ef822c2-7fd7-66cd-aa65-d7b09a6fc205,Корпорация АСК (Головная организация),1ef8c173-85a1-6cbc-a009-a0423f4d30a4,10,1,141,1,2025-11-18T16:46:57.460132,
1f0c1220-48bc-6784-9488-a26a109299d4,106603 Речной квартал,Channel,False,1ef822c2-7fd7-66cd-aa65-d7b09a6fc205,Корпорация АСК (Головная организация),1ef8c173-85a1-6cbc-a009-a0423f4d30a4,4,1,133,1,2025-11-18T16:46:58.707757,
1f08e098-ce95-6084-aed2-192fa61803df,пресс-служба,Channel,False,1ef822c2-7fd7-66cd-aa65-d7b09a6fc205,Корпорация АСК (Головная организация),1f040f6f-f3b2-6b98-8c5a-04421acbe58e,5,26,25.81,3,2025-11-18T16:46:59.761540,
1f08e189-5061-61ef-9602-0a93d86f3e04,СОШ №208 (ПД),Channel,False,1ef822c2-7fd7-66cd-aa65-d7b09a6fc205,Корпорация АСК (Головная организация),1f050e0d-c7e7-630e-bfa0-50ebf6510ebb,15,72,96.62,5,2025-11-18T16:47:01.037151,
1f06d38e-e8fd-60a4-8877-15947dd8099f,Наша группа,Channel,False,1ef822c2-7fd7-66cd-aa65-d7b09a6fc205,Корпорация АСК (Головная организация),1f050c82-cb26-6e0c-a713-04421acbe58e,7,45,67.64,7,2025-11-18T16:47:02.885029,
1f08f92b-b1b0-6d7e-9b20-0eb2ede2afcf,BIM АР,Channel,True,1ef822c2-7fd7-66cd-aa65-d7b09a6fc205,Корпорация АСК (Головная организация),1f050c82-cb26-6e0c-a713-04421acbe58e,44,28,187.79,8,2025-11-18T16:47:04.915575,
1f092274-9ad4-6136-9602-dbd60df84ff9,Студенческая АТОМ-009,Channel,False,1ef822c2-7fd7-66cd-aa65-d7b09a6fc205,Корпорация АСК (Головная организация),1f050c82-cb26-6e0c-a713-04421acbe58e,17,84,65.11,10,2025-11-18T16:47:06.004634,
1f09777c-b38a-691e-8baf-b6b723ced3e1,ГАПы общая,Channel,False,1ef822c2-7fd7-66cd-aa65-d7b09a6fc205,Корпорация АСК (Головная организация),1f050c82-cb26-6e0c-a713-04421acbe58e,8,127,75.31,7,2025-11-18T16:47:07.632761,
1f099ed7-ba0e-6e9d-8baf-ac4134b14b48,Кортрос Блок 3.3,Channel,True,1ef822c2-7fd7-66cd-aa65-d7b09a6fc205,Корпорация АСК (Головная организация),1f050c82-cb26-6e0c-a713-04421acbe58e,31,75,85.27,13,2025-11-18T16:47:08.941426,
1f09dd85-6498-6455-8baf-4be5064fa73c,Отдел архитектурных решений,Channel,False,1ef822c2-7fd7-66cd-aa65-d7b09a6fc205,Корпорация АСК (Головная организация),1f050c82-cb26-6e0c-a713-04421acbe58e,7,202,99.26,7,2025-11-18T16:47:11.581855,
1f09ead7-83d9-620d-a893-48fc35aa34c4,для обсуждения графиков,Channel,False,1ef822c2-7fd7-66cd-aa65-d7b09a6fc205,Корпорация АСК (Головная организация),1f050c82-cb26-6e0c-a713-04421acbe58e,10,3,192.33,1,2025-11-18T16:47:12.803629,
1f0a41e4-e179-6164-9d4a-053db8b1e15b,Работа с ВУЗ/ССУЗ/Школами,Channel,False,1ef822c2-7fd7-66cd-aa65-d7b09a6fc205,Корпорация АСК (Головная организация),1f050c82-cb26-6e0c-a713-04421acbe58e,21,86,110.4,11,2025-11-18T16:47:14.211249,
1f0a5c0e-0e32-671b-a480-ba65fd3e65a0,ОБЩИЙ АР,Channel,False,1ef822c2-7fd7-66cd-aa65-d7b09a6fc205,Корпорация АСК (Головная организация),1f050c82-cb26-6e0c-a713-04421acbe58e,38,9,182.22,2,2025-11-18T16:47:15.650887,
1f0a9a87-74b8-6ea8-a8d5-34b673b0c01b,СТУДЕНЧЕСКАЯ,Channel,False,1ef822c2-7fd7-66cd-aa65-d7b09a6fc205,Корпорация АСК (Головная организация),1f050c82-cb26-6e0c-a713-04421acbe58e,3,7,52.57,3,2025-11-18T16:47:16.455095,
1f0b0b2e-82fa-68bc-a790-a31775eb0dae,Хакатон 14-16.11,Channel,False,1ef822c2-7fd7-66cd-aa65-d7b09a6fc205,Корпорация АСК (Головная организация),1f050c82-cb26-6e0c-a713-04421acbe58e,14,321,106.22,9,2025-11-18T16:47:19.195349,
1f0b6fcc-068d-6e31-b16e-6b0b0fc64b41,АТОМ-084_Березовая роща 3 кв,Channel,False,1ef822c2-7fd7-66cd-aa65-d7b09a6fc205,Корпорация АСК (Головная организация),1f050c82-cb26-6e0c-a713-04421acbe58e,18,50,82.06,12,2025-11-18T16:47:20.521927,
1f09aaad-8c96-6a36-a893-fa1580be3fb2,1C for three,Channel,False,1ef822c2-7fd7-66cd-aa65-d7b09a6fc205,Корпорация АСК (Головная организация),1f051b47-40c2-6c38-b78d-6cb3116537ae,4,69,32.86,4,2025-11-18T16:47:22.145413,
1f09f399-f902-6093-9a0c-3cc274a7b219,Отдел ОВ (Общий),Channel,False,1ef822c2-7fd7-66cd-aa65-d7b09a6fc205,Корпорация АСК (Головная организация),1f05ad63-ac2c-613c-9463-9eb1aa747b17,13,21,75.33,4,2025-11-18T16:47:23.151963,
1f0ae32a-1f62-6722-a790-577db5ed22a1,АТОМ-088_СОШ Академический 16,Channel,True,1ef822c2-7fd7-66cd-aa65-d7b09a6fc205,Корпорация АСК (Головная организация),1f05ad63-ac2c-613c-9463-9eb1aa747b17,16,77,106.31,9,2025-11-18T16:47:24.478620,
1f092c03-cf28-6d24-9ba8-5d19cbe5d824,Группа ОВ (822-823 кабинет),Channel,False,1ef822c2-7fd7-66cd-aa65-d7b09a6fc205,Корпорация АСК (Головная организация),1f05ad63-ac2c-613c-9463-9eb1aa747b17,8,287,69.07,7,2025-11-18T16:47:26.863280,
1f05d74f-aef3-6bb1-a498-ae81ed0699fc,Отделстрой Общий канал,Channel,False,1ef822c2-7fd7-66cd-aa65-d7b09a6fc205,Корпорация АСК (Головная организация),1ef8cc4c-5968-652c-9c56-a0423f4d30a4,25,0,0,0,2025-11-18T16:47:27.844536,
1f0b09b6-7ae9-6bc1-9d4a-517ceb9bf79a,HR. Заявки на обучение,Channel,False,1ef822c2-7fd7-66cd-aa65-d7b09a6fc205,Корпорация АСК (Головная организация),1f0ba2d6-242d-695c-adcb-6cb3116537ae,7,24,109.33,5,2025-11-18T16:47:29.390175,
1f00df80-ca71-6a18-a860-6e2cf1ed001d,IT-IP.Адаптация,Channel,False,1ef822c2-7fd7-66cd-aa65-d7b09a6fc205,Корпорация АСК (Головная организация),1f00df77-0824-6daa-a311-6cb3115313f8,4,0,0,0,2025-11-18T16:47:30.831546,
1f0ab0e6-eb52-6b39-a8d5-dba822e1a828,Дебиторы,Channel,False,1ef822c2-7fd7-66cd-aa65-d7b09a6fc205,Корпорация АСК (Головная организация),1f0a3336-0a9f-61f4-bf6c-04421acbe57b,6,0,0,0,2025-11-18T16:47:31.937894,
1f046a58-908c-696b-9319-696579dc50af,Адаптация сотрудников,Channel,False,1ef822c2-7fd7-66cd-aa65-d7b09a6fc205,Корпорация АСК (Головная организация),1ef8cbdd-31f7-6552-8958-a0423f4d30a4,7,15,98.8,4,2025-11-18T16:47:33.006200,
1f09db9c-372b-688e-a893-e34a1b251992,Александра Плешкова и ИКП,Channel,False,1ef822c2-7fd7-66cd-aa65-d7b09a6fc205,Корпорация АСК (Головная организация),1ef8cbdd-31f7-6552-8958-a0423f4d30a4,7,249,110.62,7,2025-11-18T16:47:35.404708,
1f09f66b-8446-69a1-9a0c-eb5c3cc38662,ОК + HR,Channel,False,1ef822c2-7fd7-66cd-aa65-d7b09a6fc205,Корпорация АСК (Головная организация),1ef8cbdd-31f7-6552-8958-a0423f4d30a4,3,273,50.92,3,2025-11-18T16:47:38.133420,
1f063c63-2aa7-60a2-87a9-54508b40c1fe,*Чат-бот Влад Атомный,Channel,False,1ef822c2-7fd7-66cd-aa65-d7b09a6fc205,Корпорация АСК (Головная организация),1ef8cbdd-31f7-6552-8958-a0423f4d30a4,9,73,124.48,5,2025-11-18T16:47:39.536041,
1f03b9f5-8690-65cb-bbd7-0e5c7192ceb1,*Анкетирование уволившихся,Channel,False,1ef822c2-7fd7-66cd-aa65-d7b09a6fc205,Корпорация АСК (Головная организация),1ef8cbdd-31f7-6552-8958-a0423f4d30a4,9,33,111.79,5,2025-11-18T16:47:40.366949,
1f09dd80-f017-655b-8baf-cb17aea6a195,Отдел конструктивных решений,Channel,False,1ef822c2-7fd7-66cd-aa65-d7b09a6fc205,Корпорация АСК (Головная организация),1ef8c997-c29c-6514-9a63-a0423f4d30a4,7,62,119.37,6,2025-11-18T16:47:41.736421,
1f0a4f78-2658-6199-a480-67b05e510053,ИКП Внешний заказ,Channel,False,1ef822c2-7fd7-66cd-aa65-d7b09a6fc205,Корпорация АСК (Головная организация),1ef8c997-c29c-6514-9a63-a0423f4d30a4,7,296,91.67,7,2025-11-18T16:47:44.466438,
1f0a4d4b-5750-677d-a480-ee11e003307c,ИКП HR,Channel,False,1ef822c2-7fd7-66cd-aa65-d7b09a6fc205,Корпорация АСК (Головная организация),1ef8c997-c29c-6514-9a63-a0423f4d30a4,7,449,96.35,7,2025-11-18T16:47:48.287668,
1f09dd83-6f5c-6b28-8baf-2052415c68a4,Инженерный отдел,Channel,False,1ef822c2-7fd7-66cd-aa65-d7b09a6fc205,Корпорация АСК (Головная организация),1ef8c997-c29c-6514-9a63-a0423f4d30a4,7,175,150.93,7,2025-11-18T16:47:50.389275,
1f08e0f9-53df-6107-aed2-debf4363577f,Киргишаны (ПД),Channel,False,1ef822c2-7fd7-66cd-aa65-d7b09a6fc205,Корпорация АСК (Головная организация),1f0516db-7bf4-6402-bc1e-04421acbe57b,16,6,56,1,2025-11-18T16:47:51.591192,
1f016adb-6c42-686b-97ee-baabf70aa48c,ИКП. Модуль ЗП в Мой Атом,Channel,False,1ef822c2-7fd7-66cd-aa65-d7b09a6fc205,Корпорация АСК (Головная организация),1ef8c982-02d3-6f94-a117-a0423f4d30a4,6,84,65.65,4,2025-11-18T16:47:52.981890,
1f02b0a4-7364-6abf-b54a-43ee0253e440,Наша 1С,Channel,False,1ef822c2-7fd7-66cd-aa65-d7b09a6fc205,Корпорация АСК (Головная организация),1ef8c982-02d3-6f94-a117-a0423f4d30a4,9,7,31.14,3,2025-11-18T16:47:54.263288,
1f09864b-99b5-6622-9a0c-91aa2be25790,Doctrix VS 1C,Channel,False,1ef822c2-7fd7-66cd-aa65-d7b09a6fc205,Корпорация АСК (Головная организация),1ef8c982-02d3-6f94-a117-a0423f4d30a4,5,21,55,4,2025-11-18T16:47:55.636138,
1f09a848-a936-612a-a893-e5e64150f841,1C HELP,Channel,False,1ef822c2-7fd7-66cd-aa65-d7b09a6fc205,Корпорация АСК (Головная организация),1ef8c982-02d3-6f94-a117-a0423f4d30a4,16,21,55.29,5,2025-11-18T16:47:57.091602,
1f09d1f2-2b56-63a3-8baf-c03bccee111f,Акция 10000 шагов,Channel,False,1ef822c2-7fd7-66cd-aa65-d7b09a6fc205,Корпорация АСК (Головная организация),1ef8c982-02d3-6f94-a117-a0423f4d30a4,7,195,76.03,7,2025-11-18T16:47:58.893740,
1f0c11c6-e076-6f96-9488-cd211e688d71,619 Ударник,Channel,False,1ef822c2-7fd7-66cd-aa65-d7b09a6fc205,Корпорация АСК (Головная организация),1f092d4b-e4e1-675a-a85e-0242518bacf3,19,13,62.23,3,2025-11-18T16:48:00.155151,
1f09c514-1020-6285-956c-e827aed62511,СК №1 Общий Канал,Channel,False,1ef822c2-7fd7-66cd-aa65-d7b09a6fc205,Корпорация АСК (Головная организация),1f08ef05-cb0b-6a76-abaf-6cb3116537ae,4,11,35.36,4,2025-11-18T16:48:01.495592,
1f0c068b-f7d8-6482-a9cc-628fcc532591,Интернет - магазин Мерча,Channel,False,1ef822c2-7fd7-66cd-aa65-d7b09a6fc205,Корпорация АСК (Головная организация),1ef8ccbf-42bc-6c38-bb0d-a0423f4d30a4,1,0,0,0,2025-11-18T16:48:02.286276,
1f04c27c-47e5-64c6-9319-9e49b1ffbc65,АН Атом Общий канал,Channel,False,1ef822c2-7fd7-66cd-aa65-d7b09a6fc205,Корпорация АСК (Головная организация),1f09465c-7892-6fde-9f2c-6cb3116537ae,19,0,0,0,2025-11-18T16:48:03.795590,
1f093b18-83d8-64b8-bb64-98acc651aca4,555 Бабушкина 1 очередь 1 этап,Channel,False,1ef822c2-7fd7-66cd-aa65-d7b09a6fc205,Корпорация АСК (Головная организация),1f041f1f-91ef-62ac-8e15-6cb31153133c,8,2,68.5,1,2025-11-18T16:48:04.993069,
1f0c11c0-7150-6e7b-9488-7a393d8d98f6,629 Северное сияние,Channel,False,1ef822c2-7fd7-66cd-aa65-d7b09a6fc205,Корпорация АСК (Головная организация),1f041f1f-91ef-62ac-8e15-6cb31153133c,11,4,237.25,2,2025-11-18T16:48:05.787185,
1f0ab0ea-0f5d-63d1-a480-b49c8f6fcb57,фронт-офисы,Channel,False,1ef822c2-7fd7-66cd-aa65-d7b09a6fc205,Корпорация АСК (Головная организация),1f06c47a-7fc9-64d0-a3b4-04421acbfbde,13,44,32.16,4,2025-11-18T16:48:06.802183,
1f08f8b4-d816-68f3-9602-4ab18dd26878,пупупиду,Channel,False,1ef822c2-7fd7-66cd-aa65-d7b09a6fc205,Корпорация АСК (Головная организация),1f05d3a5-b874-6062-89c6-6cb3115313f8,1,0,0,0,2025-11-18T16:48:08.067774,
1f04cfb3-d40d-6ba5-897d-ec257472283a,Согласование заявок Поли-Принт,Channel,False,1ef822c2-7fd7-66cd-aa65-d7b09a6fc205,Корпорация АСК (Головная организация),1efd4065-e03d-6a52-88d5-0242472fe5d1,9,148,87.15,9,2025-11-18T16:48:10.149305,
1eff2846-6ac7-6457-9ad7-3918de1ae036,IT-IP.Тендеры PolyPrint,Channel,False,1ef822c2-7fd7-66cd-aa65-d7b09a6fc205,Корпорация АСК (Головная организация),1efd4065-e03d-6a52-88d5-0242472fe5d1,6,295,87.55,5,2025-11-18T16:48:12.324885,
1f09387a-7c94-6aba-82b8-dfb2fa2a826b,Бюджетники,Channel,False,1ef822c2-7fd7-66cd-aa65-d7b09a6fc205,Корпорация АСК (Головная организация),1f04cb98-702b-6244-9af0-04421acbfbde,9,28,34.68,8,2025-11-18T16:48:13.662367,
1f09e85b-9395-6563-956c-43ce6142e665,*УК Офис-центр. Учет обращений,Channel,False,1ef822c2-7fd7-66cd-aa65-d7b09a6fc205,Корпорация АСК (Головная организация),1f055970-e92f-699a-991c-04421acbfbde,7,233,130.91,6,2025-11-18T16:48:15.779396,
1f0c132e-288b-6c7e-9488-d4744f691ee3,Отдел ЭЛ,Channel,False,1ef822c2-7fd7-66cd-aa65-d7b09a6fc205,Корпорация АСК (Головная организация),1f0922b6-78f4-6730-b2fa-04421acbe58e,4,9,46.44,1,2025-11-18T16:48:16.986264,
1f0aff34-9d9b-6e9b-a8d5-7ae07db3db90,1050 Уктус 1 очередь,Channel,False,1ef822c2-7fd7-66cd-aa65-d7b09a6fc205,Корпорация АСК (Головная организация),1f04a900-99ac-6a92-bc99-6cb3116537ae,8,1,147,1,2025-11-18T16:48:18.180353,
1f0b0b6f-38b9-68f0-a480-a34c8b37102c,760 Северный химмаш,Channel,False,1ef822c2-7fd7-66cd-aa65-d7b09a6fc205,Корпорация АСК (Головная организация),1f04a900-99ac-6a92-bc99-6cb3116537ae,6,1,147,1,2025-11-18T16:48:19.184407,
1f0b0bee-1170-6197-a790-85cf5d0828b2,993041 Нова парк,Channel,False,1ef822c2-7fd7-66cd-aa65-d7b09a6fc205,Корпорация АСК (Головная организация),1f04a900-99ac-6a92-bc99-6cb3116537ae,8,1,147,1,2025-11-18T16:48:20.191504,
1f0b0c05-4b2d-65f6-a790-701f73e7a2fb,994021 LIVE,Channel,False,1ef822c2-7fd7-66cd-aa65-d7b09a6fc205,Корпорация АСК (Головная организация),1f04a900-99ac-6a92-bc99-6cb3116537ae,8,1,147,1,2025-11-18T16:48:21.384951,
1f05bbda-50ab-6fcf-a436-661fae2188c0,АТОМ.Линк в Проектах АТОМа,Channel,False,1ef822c2-7fd7-66cd-aa65-d7b09a6fc205,Корпорация АСК (Головная организация),1f04a900-99ac-6a92-bc99-6cb3116537ae,3,116,52.62,3,2025-11-18T16:48:23.131937,
1f0922b5-5a94-6468-9b20-86ee553f1351,ДОО Патруши,Channel,False,1ef822c2-7fd7-66cd-aa65-d7b09a6fc205,Корпорация АСК (Головная организация),1ef8c997-dbc6-6b52-bcb4-a0423f4d30a4,11,3,40.67,1,2025-11-18T16:48:24.415459,
1f0b0a27-77de-6468-a480-1c9d22b04fea,*Блок совещаний(АПУ.ИС.и др),Channel,False,1ef822c2-7fd7-66cd-aa65-d7b09a6fc205,Корпорация АСК (Головная организация),1f09cf11-4386-6a32-8eb3-04421acbe57b,6,2,29.5,2,2025-11-18T16:48:25.589011,
1f08d465-fbb0-696a-9b20-cbfab5c6f95a,ОВ1,Channel,False,1ef822c2-7fd7-66cd-aa65-d7b09a6fc205,Корпорация АСК (Головная организация),1ef90751-2200-6acc-a49b-0242a5f5a55b,4,315,54.97,4,2025-11-18T16:48:28.747455,
1f0985db-cbe1-6b38-8baf-f3bca0b931a6,АТОМ-073_Школа Арт-Этюд,Channel,True,1ef822c2-7fd7-66cd-aa65-d7b09a6fc205,Корпорация АСК (Головная организация),1ef90751-2200-6acc-a49b-0242a5f5a55b,10,7,110.71,4,2025-11-18T16:48:30.069585,
1f0b31dc-a6b1-64c1-a8d5-e0bd3d3b99ab,АТОМ-027_Юг-центр_2оч_Паркинг,Channel,True,1ef822c2-7fd7-66cd-aa65-d7b09a6fc205,Корпорация АСК (Головная организация),1ef90751-2200-6acc-a49b-0242a5f5a55b,9,1,226,1,2025-11-18T16:48:31.331027,
1eff4e22-7078-6132-b99e-f40243abc2ca,IT-IP. Продажи,Channel,False,1ef822c2-7fd7-66cd-aa65-d7b09a6fc205,Корпорация АСК (Головная организация),1efc1c52-bd7f-6868-8e57-0242472fe5d1,6,797,48.15,7,2025-11-18T16:48:35.335069,
1f003115-726f-6b08-8965-d756d8e7fa64,IT-IP.Автоматизация протоколов,Channel,False,1ef822c2-7fd7-66cd-aa65-d7b09a6fc205,Корпорация АСК (Головная организация),1efc1c52-bd7f-6868-8e57-0242472fe5d1,8,7,80.29,2,2025-11-18T16:48:36.347210,
1f0146bb-64a2-6a25-9056-b9c493c8f61a,IT-IP. Atomix облачное решение,Channel,False,1ef822c2-7fd7-66cd-aa65-d7b09a6fc205,Корпорация АСК (Головная организация),1efc1c52-bd7f-6868-8e57-0242472fe5d1,6,47,109.21,4,2025-11-18T16:48:37.390563,
1f019ecb-bf59-6f23-97ee-f5f83ce266ee,IT-IP.О!Макет,Channel,False,1ef822c2-7fd7-66cd-aa65-d7b09a6fc205,Корпорация АСК (Головная организация),1efc1c52-bd7f-6868-8e57-0242472fe5d1,6,819,56.88,5,2025-11-18T16:48:43.439597,
1f01b63a-984a-6eb0-9459-143dc79a2eb2,АТОМ Крайон Согласование докум,Channel,False,1ef822c2-7fd7-66cd-aa65-d7b09a6fc205,Корпорация АСК (Головная организация),1efc1c52-bd7f-6868-8e57-0242472fe5d1,7,69,120.67,6,2025-11-18T16:48:44.908400,
1f03087f-c14b-6dee-bbd7-89198c77bd96,Гормонолитстрой,Channel,False,1ef822c2-7fd7-66cd-aa65-d7b09a6fc205,Корпорация АСК (Головная организация),1efc1c52-bd7f-6868-8e57-0242472fe5d1,4,25,76,4,2025-11-18T16:48:46.453636,
1f0468fa-57b1-6a6b-9319-cfa085035b73,IT-IP.Промтуризм,Channel,False,1ef822c2-7fd7-66cd-aa65-d7b09a6fc205,Корпорация АСК (Головная организация),1efc1c52-bd7f-6868-8e57-0242472fe5d1,3,59,65.85,3,2025-11-18T16:48:47.783803,
1f05d7b2-f97c-69ab-9345-ed7aef867083,*АТОМ. Согласование ВНД,Channel,False,1ef822c2-7fd7-66cd-aa65-d7b09a6fc205,Корпорация АСК (Головная организация),1efc1c52-bd7f-6868-8e57-0242472fe5d1,9,16,87.81,5,2025-11-18T16:48:49.033002,
1f0607bd-5fde-67ac-9345-132a2821ebb2,Атом Мерч,Channel,False,1ef822c2-7fd7-66cd-aa65-d7b09a6fc205,Корпорация АСК (Головная организация),1efc1c52-bd7f-6868-8e57-0242472fe5d1,5,72,39.08,4,2025-11-18T16:48:50.364255,
1f073821-c22a-6f51-9730-8803abe7cc86,АСК. Совещания и КП,Channel,False,1ef822c2-7fd7-66cd-aa65-d7b09a6fc205,Корпорация АСК (Головная организация),1efc1c52-bd7f-6868-8e57-0242472fe5d1,6,102,51.85,6,2025-11-18T16:48:52.536846,
1f088b3f-4a99-6871-bb81-167cf2e716e1,937 Ирбитская 1 очередь,Channel,False,1ef822c2-7fd7-66cd-aa65-d7b09a6fc205,Корпорация АСК (Головная организация),1efc1c52-bd7f-6868-8e57-0242472fe5d1,1,1,31,1,2025-11-18T16:48:53.810419,
1f0a9c57-8f57-6b16-a480-df7187615ed0,IT-IP. Смена имени в appstore,Channel,False,1ef822c2-7fd7-66cd-aa65-d7b09a6fc205,Корпорация АСК (Головная организация),1efc1c52-bd7f-6868-8e57-0242472fe5d1,4,7,25.14,2,2025-11-18T16:48:55.356367,
1f0c0762-1cf2-606f-a3d4-8dcdd75e2529,*Бетон-Экспресс.Атомикс,Channel,False,1ef822c2-7fd7-66cd-aa65-d7b09a6fc205,Корпорация АСК (Головная организация),1efc1c52-bd7f-6868-8e57-0242472fe5d1,8,19,41.11,1,2025-11-18T16:48:56.685264,
1f04cbb2-3863-6bc3-897d-6d6f595e41e1,отдел ВНД,Channel,False,1ef822c2-7fd7-66cd-aa65-d7b09a6fc205,Корпорация АСК (Головная организация),1f04d8f9-a955-6a24-a378-04421acbe57b,4,23,92.39,3,2025-11-18T16:48:57.991065,
1f062f1b-03a4-6fcd-a498-8762a346b5b1,Регистрация договоров,Channel,False,1ef822c2-7fd7-66cd-aa65-d7b09a6fc205,Корпорация АСК (Головная организация),1f04d8f9-a955-6a24-a378-04421acbe57b,4,4,145.25,1,2025-11-18T16:48:59.291817,
1f051acc-4730-6e39-81eb-655112d448e2,Координаторская,Channel,False,1ef822c2-7fd7-66cd-aa65-d7b09a6fc205,Корпорация АСК (Головная организация),1f050e00-7e19-6d42-9833-04421acbe58e,7,429,55.1,7,2025-11-18T16:49:02.820282,
1f0a4fa7-965c-6cb9-a8d5-5211ebcedc03,Клиентский опыт,Channel,True,1ef822c2-7fd7-66cd-aa65-d7b09a6fc205,Корпорация АСК (Головная организация),1f0323e5-2240-60f4-b01c-04421acbe58e,14,66,205.21,7,2025-11-18T16:49:03.951646,
1f04cbc5-5277-6bba-897d-853d99951478,Деп.цифр.трансф.,Channel,False,1ef822c2-7fd7-66cd-aa65-d7b09a6fc205,Корпорация АСК (Головная организация),1f0323ae-a076-6126-8528-04421acbfbde,2,28,57.68,2,2025-11-18T16:49:05.290361,
1f0a413e-5945-69b8-a480-a8ade4f73667,ВК1_ШКОЛА №1,Channel,False,1ef822c2-7fd7-66cd-aa65-d7b09a6fc205,Корпорация АСК (Головная организация),1ef8c483-cd2b-61e2-aa8a-a0423f4d30a4,4,38,62.11,4,2025-11-18T16:49:06.784526,
1f0a5064-bf67-6a38-9d4a-7c1cd32daf78,Ошибки BIM ВК,Channel,False,1ef822c2-7fd7-66cd-aa65-d7b09a6fc205,Корпорация АСК (Головная организация),1ef8c483-cd2b-61e2-aa8a-a0423f4d30a4,5,33,48.85,2,2025-11-18T16:49:08.009674,
1f093a2e-e715-6e53-82b8-e407a662ba10,ВК1,Channel,False,1ef822c2-7fd7-66cd-aa65-d7b09a6fc205,Корпорация АСК (Головная организация),1ef8c483-cd2b-61e2-aa8a-a0423f4d30a4,5,13,80.77,2,2025-11-18T16:49:09.516446,
1f0922f0-f195-6367-9b20-9a35b2bbd471,Претензионная служба,Channel,False,1ef822c2-7fd7-66cd-aa65-d7b09a6fc205,Корпорация АСК (Головная организация),1f04cc86-3189-69e8-ae72-04421acbe58e,15,0,0,0,2025-11-18T16:49:10.908577,
1f0526cb-d165-6906-85da-b693eced541b,IT-IP. Практиканты,Channel,False,1ef822c2-7fd7-66cd-aa65-d7b09a6fc205,Корпорация АСК (Головная организация),1ef8ca29-54ab-68ba-ba70-a0423f4d30a4,6,22,84.05,4,2025-11-18T16:49:12.005934,
1f09f580-7637-60d0-9a0c-94bfac81c837,Новая система Атом Архив,Channel,False,1ef822c2-7fd7-66cd-aa65-d7b09a6fc205,Корпорация АСК (Головная организация),1ef8ca29-54ab-68ba-ba70-a0423f4d30a4,8,46,145.65,6,2025-11-18T16:49:13.237595,
1f07db84-fba3-6c1c-85de-4cb2efa8b08a,МП Макаровский. Новое прилож.,Channel,False,1ef822c2-7fd7-66cd-aa65-d7b09a6fc205,Корпорация АСК (Головная организация),1efb60f7-9249-6e62-8247-6cb3115313f8,5,32,71.53,4,2025-11-18T16:49:14.410085,
1f092d56-2edc-68e6-bb64-9d306ba99154,Отдел ВК,Channel,False,1ef822c2-7fd7-66cd-aa65-d7b09a6fc205,Корпорация АСК (Головная организация),1f05c969-1877-6de8-b2c2-6cb3115313f8,5,13,122.15,4,2025-11-18T16:49:15.594147,
1eff27cf-e345-645f-804d-b6012a0f0aab,АН Атом.Розыгрыш призов 26.05,Channel,False,1ef822c2-7fd7-66cd-aa65-d7b09a6fc205,Корпорация АСК (Головная организация),1ef8c862-1b3b-6efe-ae1a-a0423f4d30a4,5,26,32.04,3,2025-11-18T16:49:17.126338,
1f08ee6a-1836-60ba-9b20-97a32f292158,АСК-Цемент,Channel,False,1ef822c2-7fd7-66cd-aa65-d7b09a6fc205,Корпорация АСК (Головная организация),1f06dbab-260f-6f50-8334-04421acbe57b,10,0,0,0,2025-11-18T16:49:18.265004,
1f0a4ba2-d124-6cc7-9d4a-4773a3ac539d,"Контент ИКП ""АТОМ"" (телеграм)",Channel,False,1ef822c2-7fd7-66cd-aa65-d7b09a6fc205,Корпорация АСК (Головная организация),1f08fc7e-475c-6d48-b622-6cb3116537ae,5,209,196.18,5,2025-11-18T16:49:20.415530,
1f09454d-7837-6320-a893-061db13e81f1,Программисты Теплит,Channel,False,1ef822c2-7fd7-66cd-aa65-d7b09a6fc205,Корпорация АСК (Головная организация),1f05e487-b76b-638a-9f5f-50ebf6510ebb,3,24,50.92,3,2025-11-18T16:49:22.105792,
1f084ada-6953-6240-bb81-0071ad40292b,*Портал Проектов. ОТ и ПО,Channel,False,1ef822c2-7fd7-66cd-aa65-d7b09a6fc205,Корпорация АСК (Головная организация),1efa64e1-39d9-6dc6-82c8-6cb3115313f8,5,0,0,0,2025-11-18T16:49:23.450707,
1efef764-90c6-6012-8110-ab716ee4b45d,П78 Отсутствие и график работы,Channel,False,1ef822c2-7fd7-66cd-aa65-d7b09a6fc205,Корпорация АСК (Головная организация),1efa64e1-39d9-6dc6-82c8-6cb3115313f8,2,1,40,1,2025-11-18T16:49:24.883323,
1f0bf81e-b824-642e-8794-10f3abe99c3d,Арт_этюд архитектура,Channel,False,1ef822c2-7fd7-66cd-aa65-d7b09a6fc205,Корпорация АСК (Головная организация),1f08f048-7646-6902-affc-9eb1aa747b17,4,178,44.62,4,2025-11-18T16:49:26.344258,
1f0ab0da-164b-6655-a480-e585208d58d1,казначеи,Channel,False,1ef822c2-7fd7-66cd-aa65-d7b09a6fc205,Корпорация АСК (Головная организация),1f00f980-e338-6a72-ab37-d85ed36b7d02,4,0,0,0,2025-11-18T16:49:27.763168,
1f0354c5-e119-6d3b-800e-119c61617a36,*Розыгрыш призов 27.05,Channel,False,1ef822c2-7fd7-66cd-aa65-d7b09a6fc205,Корпорация АСК (Головная организация),1ef8ca99-9f77-640a-9772-a0423f4d30a4,6,49,50.49,5,2025-11-18T16:49:29.138184,
1f05c966-7d13-6c95-a436-bc10c970ef35,АТОМ - Исследование рынка,Channel,False,1ef822c2-7fd7-66cd-aa65-d7b09a6fc205,Корпорация АСК (Головная организация),1ef8ca99-9f77-640a-9772-a0423f4d30a4,4,9,75.33,3,2025-11-18T16:49:30.437951,
1f099395-ae64-69a3-9a0c-c2a41595a65f,*NPS анкеты и портрет покупат.,Channel,False,1ef822c2-7fd7-66cd-aa65-d7b09a6fc205,Корпорация АСК (Головная организация),1ef8ca99-9f77-640a-9772-a0423f4d30a4,7,95,125.94,6,2025-11-18T16:49:31.537505,
1f02a4c4-0af9-6210-800e-61aad21761fe,Офис О!Макет,Channel,False,1ef822c2-7fd7-66cd-aa65-d7b09a6fc205,Корпорация АСК (Головная организация),1efd8922-9938-66a6-a276-d85ed36b7d02,4,4,25.25,2,2025-11-18T16:49:32.471699,
1f04db99-4346-6785-b51f-e417f2a02d22,Берит - Поддержка сайта,Channel,False,1ef822c2-7fd7-66cd-aa65-d7b09a6fc205,Корпорация АСК (Головная организация),1efd8922-9938-66a6-a276-d85ed36b7d02,4,40,57.8,3,2025-11-18T16:49:34.097024,
1f093bd0-a6b3-6b72-bb64-f6adc7003a43,Реестр платежей,Channel,False,1ef822c2-7fd7-66cd-aa65-d7b09a6fc205,Корпорация АСК (Головная организация),1efb2eb8-7f66-6c4e-b536-9eb1aa747b17,5,58,151.05,5,2025-11-18T16:49:35.480086,
1f053176-19c8-60ec-b74a-d387acd27855,IT-IP Дела Бухгалтерские,Channel,False,1ef822c2-7fd7-66cd-aa65-d7b09a6fc205,Корпорация АСК (Головная организация),1efc375d-a606-680a-96aa-04421acbe57b,7,1355,56.3,7,2025-11-18T16:49:42.748316,
1efffe42-3ef3-6304-b49c-8285f9002f93,АН Атом. NPS Анкеты и отчеты,Channel,False,1ef822c2-7fd7-66cd-aa65-d7b09a6fc205,Корпорация АСК (Головная организация),1ef8244d-5114-6843-aa65-0405b53981f9,4,30,129.73,4,2025-11-18T16:49:44.188448,
1f03251f-ce1c-67c4-800e-2ed7995f3f28,HR. Анкетирование уволившихся,Channel,False,1ef822c2-7fd7-66cd-aa65-d7b09a6fc205,Корпорация АСК (Головная организация),1ef8c872-8e73-63f8-a020-a0423f4d30a4,3,3,106.33,1,2025-11-18T16:49:45.494584,
1f09eaa8-d3dd-689e-8baf-a80f87b94e66,Выставление счетов,Channel,False,1ef822c2-7fd7-66cd-aa65-d7b09a6fc205,Корпорация АСК (Головная организация),1ef8c7d8-96af-6192-b0df-a0423f4d30a4,4,21,46.52,4,2025-11-18T16:49:46.900017,
1f0bf776-5c50-6c91-9e6b-d902ac0cbffb,Мемы ИКП,Channel,False,1ef822c2-7fd7-66cd-aa65-d7b09a6fc205,Корпорация АСК (Головная организация),1ef8c997-c37b-644e-9447-a0423f4d30a4,1,2,7,1,2025-11-18T16:49:48.176023,
1f093b4a-8748-6e11-9ba8-a4d211e0fa79,Для своих,Channel,False,1ef822c2-7fd7-66cd-aa65-d7b09a6fc205,Корпорация АСК (Головная организация),1ef8c22d-fa55-6ecc-b4ec-a0423f4d30a4,1,0,0,0,2025-11-18T16:49:49.194226,
1f08caed-0fc5-6cc7-9602-2743a4e7dc4f,АТОМ-055,Channel,False,1ef822c2-7fd7-66cd-aa65-d7b09a6fc205,Корпорация АСК (Головная организация),1ef8c93f-9067-6f6a-90b4-a0423f4d30a4,1,0,0,0,2025-11-18T16:49:50.700599,
